<?xml version="1.0" encoding="UTF-8"?>
<project-private xmlns="http://www.netbeans.org/ns/project-private/1">
    <editor-bookmarks xmlns="http://www.netbeans.org/ns/editor-bookmarks/2" lastBookmarkId="0"/>
    <open-files xmlns="http://www.netbeans.org/ns/projectui-open-files/2">
        <group>
            <file>file:/Users/acg/Downloads/JGeometria/src/test/PontoTest.java</file>
            <file>file:/Users/acg/Downloads/JGeometria/src/model/Reta.java</file>
            <file>file:/Users/acg/Downloads/JGeometria/src/model/Ponto.java</file>
            <file>file:/Users/acg/Downloads/JGeometria/src/test/RetaTest.java</file>
        </group>
    </open-files>
</project-private>
